linenum,game
1     ,C X
2     ,C X
3     ,C X
4     ,A Z
5     ,C X
6     ,C X
7     ,A Y
8     ,B X
9     ,B Y
10    ,B Z
11    ,C Y
12    ,C X
13    ,C X
14    ,C Y
15    ,B Y
16    ,C X
17    ,C Y
18    ,B Z
19    ,C Y
20    ,B Z
21    ,B Z
22    ,A Z
23    ,C X
24    ,C X
25    ,C X
26    ,B Z
27    ,C Y
28    ,C X
29    ,C X
30    ,B Y
31    ,C X
32    ,B Z
33    ,C X
34    ,C X
35    ,A Y
36    ,C X
37    ,A Z
38    ,B Z
39    ,B Z
40    ,B Z
41    ,B Y
42    ,B Z
43    ,C X
44    ,B Y
45    ,C Y
46    ,C Y
47    ,B Z
48    ,C X
49    ,C Y
50    ,C X
51    ,C X
52    ,C X
53    ,C Y
54    ,A X
55    ,A X
56    ,C Z
57    ,C X
58    ,B Z
59    ,A Z
60    ,C X
61    ,B Y
62    ,C Y
63    ,B X
64    ,B Z
65    ,C Z
66    ,A X
67    ,C X
68    ,B X
69    ,C Y
70    ,C Y
71    ,B Z
72    ,B Z
73    ,B Z
74    ,C Z
75    ,A Z
76    ,A Z
77    ,C X
78    ,C X
79    ,C Z
80    ,B Z
81    ,B Y
82    ,C X
83    ,A Z
84    ,C X
85    ,B Y
86    ,C Y
87    ,B Z
88    ,C X
89    ,A Y
90    ,C Y
91    ,A X
92    ,B Z
93    ,C Y
94    ,C Y
95    ,C X
96    ,C Y
97    ,C X
98    ,B X
99    ,C Y
100   ,C X
101   ,B Y
102   ,A Z
103   ,B X
104   ,B Y
105   ,C Z
106   ,C X
107   ,C X
108   ,C X
109   ,B Z
110   ,B X
111   ,B Z
112   ,C X
113   ,B Y
114   ,B Z
115   ,C X
116   ,C Y
117   ,B Y
118   ,C Y
119   ,C X
120   ,B Z
121   ,B Y
122   ,B X
123   ,A Z
124   ,A Z
125   ,C X
126   ,C X
127   ,B Z
128   ,B Y
129   ,C X
130   ,C Y
131   ,C Y
132   ,A X
133   ,C X
134   ,C Y
135   ,A Y
136   ,C X
137   ,A Z
138   ,C Y
139   ,B X
140   ,B X
141   ,B X
142   ,B Y
143   ,B Y
144   ,C Z
145   ,C X
146   ,A Y
147   ,A Z
148   ,C X
149   ,B Z
150   ,C Y
151   ,C Y
152   ,A Y
153   ,B Z
154   ,B Z
155   ,C X
156   ,C Y
157   ,B X
158   ,C Y
159   ,B X
160   ,A Y
161   ,C X
162   ,B Z
163   ,A Z
164   ,C Y
165   ,A Z
166   ,A Y
167   ,C Z
168   ,B Y
169   ,A Z
170   ,A Y
171   ,C X
172   ,B Y
173   ,B X
174   ,C X
175   ,A Y
176   ,B Z
177   ,B Z
178   ,B Y
179   ,B Z
180   ,C X
181   ,C Z
182   ,B Y
183   ,B Y
184   ,A Y
185   ,B Z
186   ,B X
187   ,B Z
188   ,A X
189   ,C Y
190   ,B Z
191   ,A X
192   ,A X
193   ,B Y
194   ,C Z
195   ,C Z
196   ,B Z
197   ,B X
198   ,B X
199   ,A Z
200   ,A Y
201   ,A Y
202   ,C Z
203   ,C X
204   ,C X
205   ,C X
206   ,B Z
207   ,C Y
208   ,C Y
209   ,C Y
210   ,B X
211   ,B Y
212   ,A Y
213   ,B Z
214   ,B X
215   ,B Z
216   ,C X
217   ,B X
218   ,C X
219   ,C X
220   ,B Z
221   ,C Z
222   ,C Y
223   ,C X
224   ,C X
225   ,B Z
226   ,A Y
227   ,C X
228   ,C X
229   ,A Z
230   ,B Y
231   ,B X
232   ,B Y
233   ,B Z
234   ,C Y
235   ,A X
236   ,B Y
237   ,C X
238   ,A Z
239   ,B Z
240   ,A Y
241   ,C X
242   ,B Y
243   ,B Z
244   ,A Z
245   ,B Z
246   ,C Y
247   ,B Z
248   ,A X
249   ,A Y
250   ,B X
251   ,A X
252   ,B Y
253   ,C X
254   ,A X
255   ,B X
256   ,A X
257   ,A Z
258   ,B Z
259   ,C X
260   ,C X
261   ,A Y
262   ,B Z
263   ,C X
264   ,A Z
265   ,B Z
266   ,C X
267   ,C X
268   ,A Z
269   ,C Y
270   ,B Z
271   ,C X
272   ,B Y
273   ,B Y
274   ,A Z
275   ,C X
276   ,B Z
277   ,B Y
278   ,A Z
279   ,B Y
280   ,C X
281   ,C Y
282   ,A Y
283   ,B Y
284   ,C Z
285   ,A Y
286   ,C Z
287   ,A Z
288   ,B Z
289   ,C X
290   ,A X
291   ,B Z
292   ,C X
293   ,C Y
294   ,A X
295   ,C X
296   ,A Z
297   ,C Z
298   ,C X
299   ,C Z
300   ,B Z
301   ,C Y
302   ,B Y
303   ,B Z
304   ,C X
305   ,C X
306   ,B Y
307   ,C X
308   ,B Z
309   ,C Y
310   ,A X
311   ,A Z
312   ,B X
313   ,A Z
314   ,C Z
315   ,C Y
316   ,C Y
317   ,B Z
318   ,C Y
319   ,C X
320   ,C Y
321   ,B Y
322   ,C X
323   ,C X
324   ,C X
325   ,B Z
326   ,C X
327   ,C X
328   ,B Y
329   ,C Y
330   ,A Z
331   ,B Z
332   ,C Z
333   ,B Z
334   ,A Y
335   ,B Z
336   ,C X
337   ,C Z
338   ,B X
339   ,A Z
340   ,C X
341   ,C X
342   ,C Y
343   ,B Z
344   ,C Z
345   ,B Z
346   ,A Y
347   ,B Z
348   ,C Z
349   ,B Z
350   ,A Z
351   ,C X
352   ,A Z
353   ,A X
354   ,C X
355   ,B X
356   ,C X
357   ,C X
358   ,C Y
359   ,C X
360   ,C X
361   ,B Z
362   ,C X
363   ,A Z
364   ,B Z
365   ,B Y
366   ,C X
367   ,A Y
368   ,C Y
369   ,B Z
370   ,B Z
371   ,C X
372   ,A X
373   ,C X
374   ,B Z
375   ,C X
376   ,B X
377   ,B X
378   ,B Y
379   ,B Z
380   ,B X
381   ,B Y
382   ,C X
383   ,C X
384   ,B Y
385   ,C X
386   ,C X
387   ,A X
388   ,B Y
389   ,A Y
390   ,B Z
391   ,B Z
392   ,A X
393   ,C X
394   ,C X
395   ,C X
396   ,A Z
397   ,C X
398   ,B Y
399   ,A Z
400   ,A Y
401   ,B Z
402   ,B Y
403   ,B Z
404   ,C X
405   ,A Y
406   ,C X
407   ,C X
408   ,B Y
409   ,A X
410   ,A X
411   ,B X
412   ,C Y
413   ,C X
414   ,C X
415   ,B Y
416   ,B X
417   ,B Z
418   ,C Y
419   ,B X
420   ,C X
421   ,B Z
422   ,B Z
423   ,B Z
424   ,C X
425   ,C Z
426   ,A X
427   ,C X
428   ,C Z
429   ,A Y
430   ,B X
431   ,C Y
432   ,C Y
433   ,B Z
434   ,B Z
435   ,C Y
436   ,C X
437   ,A Z
438   ,A Z
439   ,C X
440   ,C Z
441   ,C X
442   ,C X
443   ,C X
444   ,C Y
445   ,B Z
446   ,B Y
447   ,B Z
448   ,C Y
449   ,A Y
450   ,A Z
451   ,C Y
452   ,C Z
453   ,C Z
454   ,B Z
455   ,B X
456   ,C X
457   ,C X
458   ,C X
459   ,B Y
460   ,C X
461   ,C X
462   ,C Z
463   ,A Z
464   ,C X
465   ,B X
466   ,B X
467   ,C X
468   ,C X
469   ,C X
470   ,C Y
471   ,B Z
472   ,B X
473   ,C Y
474   ,C X
475   ,B Y
476   ,A Y
477   ,A Z
478   ,C X
479   ,C Y
480   ,A Y
481   ,B Z
482   ,C X
483   ,B X
484   ,C X
485   ,C X
486   ,B X
487   ,B Z
488   ,B Y
489   ,C X
490   ,C Y
491   ,A Y
492   ,C X
493   ,C X
494   ,B Z
495   ,C Y
496   ,B Z
497   ,C Y
498   ,B Y
499   ,C Y
500   ,B Z
501   ,B Y
502   ,B Z
503   ,B Z
504   ,C X
505   ,B Z
506   ,A X
507   ,C Y
508   ,C X
509   ,C X
510   ,C X
511   ,C X
512   ,C Z
513   ,B Z
514   ,C X
515   ,C Y
516   ,C Z
517   ,C X
518   ,C Y
519   ,B Z
520   ,B Z
521   ,A Z
522   ,B X
523   ,A Z
524   ,B Y
525   ,A Y
526   ,C X
527   ,C X
528   ,C X
529   ,C X
530   ,C X
531   ,C X
532   ,A X
533   ,C X
534   ,C Y
535   ,B Z
536   ,C Y
537   ,C Y
538   ,C Y
539   ,B Y
540   ,C X
541   ,B Z
542   ,B Z
543   ,A X
544   ,C Z
545   ,C Z
546   ,B Y
547   ,B Z
548   ,C X
549   ,A X
550   ,C Z
551   ,B Z
552   ,B Z
553   ,C Z
554   ,B X
555   ,C X
556   ,B Z
557   ,A Z
558   ,B Z
559   ,C X
560   ,A X
561   ,B Y
562   ,B X
563   ,B Y
564   ,B Z
565   ,B Z
566   ,C Y
567   ,B X
568   ,B Y
569   ,C X
570   ,B Z
571   ,B Z
572   ,B Y
573   ,B Z
574   ,A Y
575   ,A X
576   ,C Z
577   ,C Y
578   ,B Z
579   ,B Z
580   ,A Y
581   ,A X
582   ,B Y
583   ,C X
584   ,B X
585   ,A Y
586   ,B Y
587   ,A Z
588   ,A X
589   ,B Y
590   ,B Z
591   ,A Z
592   ,C X
593   ,C X
594   ,C Y
595   ,C Y
596   ,B Y
597   ,C X
598   ,A Z
599   ,B Z
600   ,A X
601   ,C X
602   ,C X
603   ,B X
604   ,C Z
605   ,B Y
606   ,C Z
607   ,C Y
608   ,C X
609   ,B X
610   ,C Y
611   ,C Z
612   ,C X
613   ,B Z
614   ,C Y
615   ,C Y
616   ,B X
617   ,B Y
618   ,C X
619   ,B X
620   ,B X
621   ,A X
622   ,A Z
623   ,A X
624   ,A Y
625   ,C Z
626   ,B Z
627   ,C Y
628   ,C X
629   ,B X
630   ,A X
631   ,C Y
632   ,C X
633   ,C X
634   ,B X
635   ,B Y
636   ,A X
637   ,B Y
638   ,A Z
639   ,C X
640   ,B Z
641   ,C Y
642   ,B Z
643   ,B Z
644   ,B Z
645   ,C X
646   ,B Z
647   ,B X
648   ,C Y
649   ,C Y
650   ,C Y
651   ,B Z
652   ,B X
653   ,C Y
654   ,C Z
655   ,A Z
656   ,C Y
657   ,B Z
658   ,B X
659   ,B Z
660   ,B Y
661   ,A X
662   ,B Y
663   ,B Y
664   ,A Z
665   ,A X
666   ,B Z
667   ,C X
668   ,C Y
669   ,C X
670   ,C X
671   ,C X
672   ,A X
673   ,A Z
674   ,C Y
675   ,B Z
676   ,B X
677   ,C Z
678   ,C Y
679   ,C X
680   ,A X
681   ,C X
682   ,B X
683   ,C X
684   ,A X
685   ,B Y
686   ,C Y
687   ,B Z
688   ,C X
689   ,B Z
690   ,A Y
691   ,C X
692   ,C Y
693   ,A Z
694   ,B Z
695   ,B Z
696   ,C X
697   ,A Z
698   ,A X
699   ,C Y
700   ,C Y
701   ,A Z
702   ,C X
703   ,C Z
704   ,C Y
705   ,C X
706   ,C X
707   ,A Y
708   ,C X
709   ,C Y
710   ,A Y
711   ,C Y
712   ,C X
713   ,C Z
714   ,C X
715   ,A Y
716   ,C X
717   ,B Z
718   ,C X
719   ,C X
720   ,C X
721   ,B Y
722   ,A Y
723   ,A Y
724   ,C X
725   ,C X
726   ,B Z
727   ,B Z
728   ,C X
729   ,B Z
730   ,C X
731   ,A Y
732   ,B Y
733   ,C Y
734   ,B Z
735   ,C X
736   ,A X
737   ,C X
738   ,C X
739   ,C X
740   ,B X
741   ,B Y
742   ,A X
743   ,A X
744   ,B Z
745   ,C X
746   ,B Z
747   ,C X
748   ,C X
749   ,A Y
750   ,A Z
751   ,B Z
752   ,C X
753   ,B Z
754   ,B X
755   ,C X
756   ,B Y
757   ,B Z
758   ,B Z
759   ,C X
760   ,B Z
761   ,B Z
762   ,B Z
763   ,C X
764   ,B Y
765   ,B Z
766   ,A Z
767   ,C X
768   ,C X
769   ,B Z
770   ,A Y
771   ,B Y
772   ,C X
773   ,B Z
774   ,B Z
775   ,A Y
776   ,B X
777   ,B X
778   ,A X
779   ,A X
780   ,B Y
781   ,C X
782   ,A Z
783   ,B Y
784   ,B X
785   ,C X
786   ,B Z
787   ,B Y
788   ,A Z
789   ,C X
790   ,C X
791   ,B Z
792   ,C Y
793   ,B Z
794   ,C X
795   ,C Y
796   ,C X
797   ,C Z
798   ,C X
799   ,B Z
800   ,B Z
801   ,B Z
802   ,C X
803   ,C X
804   ,C X
805   ,B Z
806   ,C Y
807   ,B Y
808   ,B Z
809   ,C Z
810   ,C X
811   ,B Y
812   ,C X
813   ,A X
814   ,C Z
815   ,C X
816   ,C X
817   ,B Z
818   ,A Z
819   ,C X
820   ,C Y
821   ,C X
822   ,B Y
823   ,C Y
824   ,B X
825   ,C Z
826   ,C X
827   ,C Z
828   ,C X
829   ,B Z
830   ,B Y
831   ,B Y
832   ,A Z
833   ,B Y
834   ,C X
835   ,A X
836   ,C X
837   ,C Y
838   ,B Z
839   ,C X
840   ,C Z
841   ,C Z
842   ,B Y
843   ,C Y
844   ,B Z
845   ,C Y
846   ,C Y
847   ,C X
848   ,C X
849   ,A Y
850   ,B Y
851   ,B Y
852   ,C Y
853   ,B X
854   ,B Z
855   ,C X
856   ,C X
857   ,C Y
858   ,C X
859   ,B X
860   ,B Y
861   ,A Z
862   ,B Z
863   ,B Z
864   ,C X
865   ,C X
866   ,B Y
867   ,C X
868   ,B X
869   ,B Z
870   ,B Y
871   ,B Y
872   ,B Z
873   ,B Z
874   ,A Y
875   ,B Y
876   ,B Y
877   ,B X
878   ,A Y
879   ,C X
880   ,C Y
881   ,A Z
882   ,B Z
883   ,C X
884   ,B Y
885   ,C X
886   ,A Z
887   ,B Y
888   ,C X
889   ,C X
890   ,B Y
891   ,B Y
892   ,C Y
893   ,C X
894   ,B Y
895   ,C X
896   ,C X
897   ,B Z
898   ,C X
899   ,C X
900   ,C Y
901   ,B Z
902   ,C Y
903   ,C Y
904   ,A Z
905   ,C Y
906   ,B Y
907   ,C X
908   ,C Z
909   ,A X
910   ,C X
911   ,B Y
912   ,B Z
913   ,C Y
914   ,A Z
915   ,B Y
916   ,C Y
917   ,C Z
918   ,B Y
919   ,B Y
920   ,C X
921   ,C Z
922   ,B Z
923   ,C Z
924   ,C X
925   ,C X
926   ,C X
927   ,B Y
928   ,B Y
929   ,B Y
930   ,A Z
931   ,B Y
932   ,B Y
933   ,B Z
934   ,A Y
935   ,B Z
936   ,C X
937   ,C Z
938   ,B Z
939   ,C Z
940   ,B Y
941   ,B Z
942   ,C X
943   ,C X
944   ,C Y
945   ,C X
946   ,B Y
947   ,A Z
948   ,C Z
949   ,B Z
950   ,C X
951   ,B Y
952   ,A X
953   ,C X
954   ,A X
955   ,A Z
956   ,C X
957   ,B Y
958   ,B Z
959   ,B Z
960   ,A Z
961   ,C Z
962   ,C Y
963   ,C X
964   ,C Z
965   ,B X
966   ,C Y
967   ,C Z
968   ,B X
969   ,B X
970   ,A X
971   ,A Z
972   ,B Z
973   ,A Z
974   ,A X
975   ,C X
976   ,C X
977   ,A X
978   ,B Z
979   ,C Z
980   ,C Z
981   ,A X
982   ,B X
983   ,C X
984   ,B Z
985   ,B Y
986   ,A Z
987   ,A X
988   ,B Y
989   ,B Z
990   ,C X
991   ,B X
992   ,B Y
993   ,C X
994   ,C X
995   ,B Z
996   ,C Z
997   ,C X
998   ,C X
999   ,B Z
1000  ,C X
1001  ,B Z
1002  ,C Y
1003  ,C Y
1004  ,C Y
1005  ,B Z
1006  ,C X
1007  ,A X
1008  ,B Y
1009  ,B Y
1010  ,A Y
1011  ,C X
1012  ,C X
1013  ,C X
1014  ,B Y
1015  ,A Z
1016  ,C X
1017  ,C Y
1018  ,C X
1019  ,C X
1020  ,B X
1021  ,B Z
1022  ,C X
1023  ,C Z
1024  ,A Z
1025  ,B Z
1026  ,C X
1027  ,A Z
1028  ,B Z
1029  ,A X
1030  ,C X
1031  ,C Y
1032  ,B Z
1033  ,B X
1034  ,B Y
1035  ,B Z
1036  ,C X
1037  ,C X
1038  ,C X
1039  ,C X
1040  ,B Y
1041  ,C X
1042  ,B Y
1043  ,C X
1044  ,C Y
1045  ,B Z
1046  ,C Y
1047  ,C X
1048  ,A X
1049  ,C Z
1050  ,C Y
1051  ,A X
1052  ,C X
1053  ,B Z
1054  ,B Y
1055  ,B Y
1056  ,C Y
1057  ,C X
1058  ,C Y
1059  ,C X
1060  ,B Z
1061  ,B Z
1062  ,C Y
1063  ,B Z
1064  ,B Z
1065  ,B Z
1066  ,B Z
1067  ,C X
1068  ,B Z
1069  ,C X
1070  ,A Z
1071  ,B Z
1072  ,B Y
1073  ,A X
1074  ,B Z
1075  ,C Y
1076  ,B Y
1077  ,C Z
1078  ,C X
1079  ,A X
1080  ,C X
1081  ,A Y
1082  ,B Z
1083  ,B Y
1084  ,B Z
1085  ,C X
1086  ,C Y
1087  ,A Y
1088  ,C X
1089  ,C X
1090  ,B Z
1091  ,B Z
1092  ,A Z
1093  ,C X
1094  ,A Z
1095  ,C X
1096  ,A X
1097  ,B Y
1098  ,C X
1099  ,A Z
1100  ,B Z
1101  ,B Z
1102  ,C X
1103  ,C X
1104  ,C Z
1105  ,B Z
1106  ,C X
1107  ,A X
1108  ,B X
1109  ,B Y
1110  ,C X
1111  ,C X
1112  ,C X
1113  ,C Y
1114  ,B Z
1115  ,C Y
1116  ,C X
1117  ,C X
1118  ,B Y
1119  ,C X
1120  ,A Z
1121  ,A Z
1122  ,C Y
1123  ,B Y
1124  ,B X
1125  ,B Z
1126  ,B Y
1127  ,C Y
1128  ,C Y
1129  ,C X
1130  ,A Z
1131  ,B Z
1132  ,B X
1133  ,C X
1134  ,C X
1135  ,A X
1136  ,C Z
1137  ,A Y
1138  ,C X
1139  ,C Y
1140  ,A Z
1141  ,C Z
1142  ,B Z
1143  ,B Z
1144  ,C X
1145  ,B X
1146  ,A Z
1147  ,B Y
1148  ,C X
1149  ,A Z
1150  ,C X
1151  ,C Y
1152  ,B Y
1153  ,B Y
1154  ,B X
1155  ,B Z
1156  ,C Y
1157  ,B X
1158  ,C X
1159  ,B Y
1160  ,C X
1161  ,B Y
1162  ,C X
1163  ,B Y
1164  ,A Y
1165  ,A Z
1166  ,C Y
1167  ,A X
1168  ,C X
1169  ,C Z
1170  ,B X
1171  ,C Z
1172  ,C Y
1173  ,C Y
1174  ,C X
1175  ,C X
1176  ,C X
1177  ,C Y
1178  ,C Z
1179  ,A Z
1180  ,B Z
1181  ,C X
1182  ,A X
1183  ,A Z
1184  ,B Y
1185  ,C X
1186  ,C X
1187  ,C Z
1188  ,C X
1189  ,B Z
1190  ,C X
1191  ,B Y
1192  ,B Z
1193  ,B Y
1194  ,C X
1195  ,C Y
1196  ,B Z
1197  ,C Y
1198  ,A X
1199  ,C X
1200  ,A Z
1201  ,B Y
1202  ,B Z
1203  ,C X
1204  ,B Z
1205  ,C X
1206  ,C Z
1207  ,B Y
1208  ,A X
1209  ,C X
1210  ,C X
1211  ,C X
1212  ,C X
1213  ,B X
1214  ,B Z
1215  ,A Y
1216  ,B Y
1217  ,C X
1218  ,B Z
1219  ,C Z
1220  ,C Y
1221  ,A Z
1222  ,C Y
1223  ,A Y
1224  ,B Z
1225  ,C X
1226  ,B Z
1227  ,B Y
1228  ,C Y
1229  ,C Y
1230  ,C Y
1231  ,B Z
1232  ,B Z
1233  ,C X
1234  ,C Z
1235  ,C Z
1236  ,B Y
1237  ,B Y
1238  ,C Z
1239  ,B Y
1240  ,C X
1241  ,C Y
1242  ,B Z
1243  ,A Z
1244  ,C Y
1245  ,A Y
1246  ,A X
1247  ,B Z
1248  ,B Y
1249  ,C X
1250  ,B Z
1251  ,C X
1252  ,A Z
1253  ,C X
1254  ,B Z
1255  ,A X
1256  ,C Y
1257  ,C X
1258  ,A Z
1259  ,B Z
1260  ,C Y
1261  ,A Z
1262  ,C Z
1263  ,C X
1264  ,A Y
1265  ,B Z
1266  ,C X
1267  ,C X
1268  ,B Y
1269  ,A X
1270  ,C Y
1271  ,C X
1272  ,C X
1273  ,C Z
1274  ,C X
1275  ,A Y
1276  ,C X
1277  ,C X
1278  ,A Y
1279  ,B Z
1280  ,B X
1281  ,C X
1282  ,B Z
1283  ,C Z
1284  ,C X
1285  ,C Y
1286  ,C Y
1287  ,C X
1288  ,B Z
1289  ,A Y
1290  ,C Y
1291  ,C Y
1292  ,B X
1293  ,C X
1294  ,B Z
1295  ,B Y
1296  ,B X
1297  ,C X
1298  ,C Z
1299  ,B Z
1300  ,B Z
1301  ,B Z
1302  ,C X
1303  ,B Z
1304  ,A Z
1305  ,C X
1306  ,C Y
1307  ,C X
1308  ,C Z
1309  ,A Y
1310  ,C Y
1311  ,C Y
1312  ,B Z
1313  ,B Z
1314  ,A Z
1315  ,C Y
1316  ,C Y
1317  ,C X
1318  ,B X
1319  ,C X
1320  ,C X
1321  ,B X
1322  ,C Z
1323  ,A Z
1324  ,A Y
1325  ,C X
1326  ,A Y
1327  ,B Y
1328  ,A X
1329  ,C X
1330  ,C X
1331  ,B Z
1332  ,B Y
1333  ,C X
1334  ,A Y
1335  ,B Z
1336  ,C Y
1337  ,C X
1338  ,C X
1339  ,C X
1340  ,B Z
1341  ,B Y
1342  ,B Y
1343  ,C Z
1344  ,B X
1345  ,C X
1346  ,C Z
1347  ,C Z
1348  ,C X
1349  ,C X
1350  ,C Z
1351  ,C Z
1352  ,B Z
1353  ,C X
1354  ,B Z
1355  ,B Z
1356  ,A X
1357  ,A Z
1358  ,B Y
1359  ,B Y
1360  ,A Y
1361  ,A Z
1362  ,B Z
1363  ,C X
1364  ,C Y
1365  ,C X
1366  ,A X
1367  ,C X
1368  ,A Y
1369  ,A Z
1370  ,A X
1371  ,C Z
1372  ,B Y
1373  ,B Y
1374  ,B X
1375  ,C Z
1376  ,B Y
1377  ,C Y
1378  ,B Y
1379  ,C X
1380  ,C Y
1381  ,B X
1382  ,A Y
1383  ,C X
1384  ,C X
1385  ,B Z
1386  ,C Z
1387  ,A Z
1388  ,C X
1389  ,C Z
1390  ,C X
1391  ,A Z
1392  ,B Z
1393  ,B Y
1394  ,C X
1395  ,C X
1396  ,B Y
1397  ,B Y
1398  ,C X
1399  ,C Y
1400  ,C Y
1401  ,B Z
1402  ,A Y
1403  ,A Z
1404  ,A Z
1405  ,C Y
1406  ,C X
1407  ,C X
1408  ,C X
1409  ,C X
1410  ,A X
1411  ,A Z
1412  ,A Z
1413  ,B Y
1414  ,B X
1415  ,C Z
1416  ,C Y
1417  ,B Y
1418  ,B Z
1419  ,C X
1420  ,B Y
1421  ,B Z
1422  ,B X
1423  ,A Y
1424  ,C Y
1425  ,B Z
1426  ,B X
1427  ,C X
1428  ,B Z
1429  ,C Y
1430  ,A X
1431  ,C Z
1432  ,C X
1433  ,C Y
1434  ,B Y
1435  ,C X
1436  ,C Y
1437  ,C X
1438  ,C X
1439  ,B Y
1440  ,B Y
1441  ,B Z
1442  ,C X
1443  ,B Z
1444  ,A X
1445  ,C Y
1446  ,B Y
1447  ,C X
1448  ,C X
1449  ,B Z
1450  ,B Y
1451  ,B Y
1452  ,C X
1453  ,C Y
1454  ,B Y
1455  ,C Y
1456  ,C X
1457  ,C X
1458  ,A Z
1459  ,C Z
1460  ,C Y
1461  ,B X
1462  ,B Z
1463  ,B Z
1464  ,B Z
1465  ,A Y
1466  ,B Y
1467  ,C X
1468  ,B Y
1469  ,B X
1470  ,C X
1471  ,C X
1472  ,A Y
1473  ,C Z
1474  ,A X
1475  ,B Z
1476  ,C X
1477  ,C X
1478  ,B Z
1479  ,A Z
1480  ,A Z
1481  ,B Z
1482  ,C X
1483  ,C Y
1484  ,A Z
1485  ,B Z
1486  ,C Z
1487  ,C Z
1488  ,C X
1489  ,C X
1490  ,C Y
1491  ,C X
1492  ,C X
1493  ,B Z
1494  ,A X
1495  ,C Y
1496  ,C Y
1497  ,B Z
1498  ,C Y
1499  ,B Y
1500  ,C Y
1501  ,C X
1502  ,C Y
1503  ,B Y
1504  ,C X
1505  ,C Z
1506  ,C X
1507  ,C Z
1508  ,C Y
1509  ,C X
1510  ,C X
1511  ,A Z
1512  ,B Y
1513  ,C X
1514  ,C X
1515  ,B Z
1516  ,C Z
1517  ,B Z
1518  ,C X
1519  ,C X
1520  ,C Z
1521  ,C X
1522  ,C X
1523  ,B X
1524  ,C X
1525  ,B Z
1526  ,B X
1527  ,B Z
1528  ,B Z
1529  ,B Z
1530  ,C X
1531  ,B Y
1532  ,B Z
1533  ,C Y
1534  ,C X
1535  ,B Z
1536  ,B Z
1537  ,A Z
1538  ,C X
1539  ,B Z
1540  ,A Z
1541  ,B Z
1542  ,B Z
1543  ,B Z
1544  ,C X
1545  ,C X
1546  ,C Y
1547  ,C X
1548  ,C X
1549  ,B Z
1550  ,B Y
1551  ,B X
1552  ,B X
1553  ,C X
1554  ,C X
1555  ,B Z
1556  ,B Y
1557  ,C X
1558  ,C X
1559  ,B Z
1560  ,C X
1561  ,A Y
1562  ,C X
1563  ,C X
1564  ,C X
1565  ,B Z
1566  ,C Y
1567  ,C Y
1568  ,B Y
1569  ,B Y
1570  ,B Y
1571  ,A Y
1572  ,B X
1573  ,B Z
1574  ,B Y
1575  ,A Z
1576  ,B X
1577  ,C X
1578  ,B Z
1579  ,B Z
1580  ,C Y
1581  ,B Z
1582  ,A X
1583  ,B Z
1584  ,C Y
1585  ,A X
1586  ,B X
1587  ,A Z
1588  ,B Y
1589  ,B Z
1590  ,C X
1591  ,B Y
1592  ,C X
1593  ,B Z
1594  ,B Z
1595  ,A Z
1596  ,B Y
1597  ,C Y
1598  ,C Y
1599  ,C X
1600  ,C Z
1601  ,B Z
1602  ,C X
1603  ,C Y
1604  ,A Z
1605  ,B X
1606  ,C X
1607  ,A Z
1608  ,C Y
1609  ,C X
1610  ,C Y
1611  ,C X
1612  ,B Z
1613  ,B Z
1614  ,C X
1615  ,B Y
1616  ,B Z
1617  ,C X
1618  ,C X
1619  ,B Y
1620  ,A Y
1621  ,C X
1622  ,C Z
1623  ,C X
1624  ,C X
1625  ,C Y
1626  ,C X
1627  ,C X
1628  ,C X
1629  ,B Z
1630  ,C X
1631  ,B Y
1632  ,C X
1633  ,C Y
1634  ,C X
1635  ,C Y
1636  ,A Z
1637  ,B Z
1638  ,A Z
1639  ,C Y
1640  ,C X
1641  ,C X
1642  ,B Y
1643  ,A Z
1644  ,C X
1645  ,B X
1646  ,C X
1647  ,C Z
1648  ,A Z
1649  ,B Z
1650  ,B Z
1651  ,C Y
1652  ,C Y
1653  ,B Z
1654  ,C X
1655  ,C Z
1656  ,A X
1657  ,C X
1658  ,B Y
1659  ,B Z
1660  ,B Y
1661  ,B Y
1662  ,C Z
1663  ,A X
1664  ,C Z
1665  ,A X
1666  ,B Z
1667  ,B X
1668  ,C X
1669  ,B Z
1670  ,B Z
1671  ,A X
1672  ,B Y
1673  ,B Z
1674  ,A X
1675  ,C X
1676  ,B Z
1677  ,B Y
1678  ,C X
1679  ,C X
1680  ,B Y
1681  ,C Y
1682  ,A Y
1683  ,C Y
1684  ,B X
1685  ,B X
1686  ,C X
1687  ,C X
1688  ,C Y
1689  ,B Z
1690  ,B Y
1691  ,B Z
1692  ,C X
1693  ,B Y
1694  ,B Y
1695  ,B Z
1696  ,B Y
1697  ,B Y
1698  ,C Y
1699  ,C Z
1700  ,C X
1701  ,B Z
1702  ,C X
1703  ,B X
1704  ,A Z
1705  ,C X
1706  ,C X
1707  ,A Y
1708  ,C Z
1709  ,B X
1710  ,C Y
1711  ,B Y
1712  ,C Z
1713  ,B Z
1714  ,C X
1715  ,B Z
1716  ,C X
1717  ,C X
1718  ,C Y
1719  ,C Y
1720  ,B Z
1721  ,C X
1722  ,C Z
1723  ,C X
1724  ,B Z
1725  ,B Z
1726  ,C X
1727  ,B Z
1728  ,C Y
1729  ,C X
1730  ,C X
1731  ,A X
1732  ,C X
1733  ,B X
1734  ,A Y
1735  ,C Z
1736  ,C Y
1737  ,B Y
1738  ,B X
1739  ,C X
1740  ,C Z
1741  ,B Z
1742  ,C Y
1743  ,C Z
1744  ,C X
1745  ,C X
1746  ,B X
1747  ,A Z
1748  ,B Y
1749  ,C Z
1750  ,A X
1751  ,C X
1752  ,C X
1753  ,A Y
1754  ,C Z
1755  ,B X
1756  ,B Z
1757  ,C X
1758  ,B Z
1759  ,C Y
1760  ,C Z
1761  ,B Y
1762  ,B X
1763  ,C X
1764  ,A Y
1765  ,A X
1766  ,C X
1767  ,C X
1768  ,B Z
1769  ,C X
1770  ,C X
1771  ,C X
1772  ,B Z
1773  ,C X
1774  ,A Z
1775  ,B Y
1776  ,C Z
1777  ,C X
1778  ,A Z
1779  ,C X
1780  ,C Z
1781  ,B Z
1782  ,B X
1783  ,B X
1784  ,B Y
1785  ,C Y
1786  ,A X
1787  ,A X
1788  ,A Z
1789  ,C Z
1790  ,C Y
1791  ,A X
1792  ,C X
1793  ,A Z
1794  ,B X
1795  ,B Z
1796  ,C X
1797  ,B Y
1798  ,B Y
1799  ,B X
1800  ,B X
1801  ,B Y
1802  ,B Y
1803  ,B Z
1804  ,C X
1805  ,C Z
1806  ,C Y
1807  ,B Y
1808  ,B Z
1809  ,A Y
1810  ,A Y
1811  ,C X
1812  ,B Z
1813  ,C X
1814  ,C X
1815  ,B X
1816  ,C X
1817  ,B Z
1818  ,B X
1819  ,C Y
1820  ,C X
1821  ,C X
1822  ,B Z
1823  ,C Y
1824  ,B X
1825  ,A Z
1826  ,C Y
1827  ,C Y
1828  ,C X
1829  ,C X
1830  ,B X
1831  ,B Y
1832  ,C X
1833  ,B Z
1834  ,C Y
1835  ,B Y
1836  ,B Z
1837  ,A Z
1838  ,C X
1839  ,B Z
1840  ,C X
1841  ,B Z
1842  ,C X
1843  ,C X
1844  ,C X
1845  ,A Y
1846  ,B X
1847  ,A Z
1848  ,C Y
1849  ,C Z
1850  ,B Y
1851  ,B Y
1852  ,A Y
1853  ,B Y
1854  ,B Z
1855  ,B X
1856  ,C X
1857  ,B Y
1858  ,B Y
1859  ,B Z
1860  ,A X
1861  ,C Y
1862  ,B Z
1863  ,C Y
1864  ,A Y
1865  ,C X
1866  ,B Z
1867  ,A Z
1868  ,B Z
1869  ,B Y
1870  ,B Y
1871  ,B Y
1872  ,B Z
1873  ,B X
1874  ,B Z
1875  ,A Y
1876  ,C Y
1877  ,B Y
1878  ,C X
1879  ,C Y
1880  ,B Y
1881  ,B Z
1882  ,C Y
1883  ,C X
1884  ,B Y
1885  ,B Z
1886  ,B Y
1887  ,C Y
1888  ,B Y
1889  ,A X
1890  ,C X
1891  ,C X
1892  ,B Z
1893  ,B Z
1894  ,B Y
1895  ,B X
1896  ,A X
1897  ,B Y
1898  ,A Z
1899  ,A X
1900  ,C Z
1901  ,B Z
1902  ,C X
1903  ,C X
1904  ,A Z
1905  ,B Z
1906  ,B Z
1907  ,A Z
1908  ,B Y
1909  ,C X
1910  ,C X
1911  ,B X
1912  ,C X
1913  ,C Y
1914  ,C X
1915  ,B Z
1916  ,A X
1917  ,C X
1918  ,B Y
1919  ,C Z
1920  ,A Y
1921  ,B Z
1922  ,C Y
1923  ,A Y
1924  ,B Y
1925  ,B Y
1926  ,B Z
1927  ,B Z
1928  ,C X
1929  ,B Z
1930  ,A X
1931  ,C X
1932  ,B Z
1933  ,C X
1934  ,C X
1935  ,C X
1936  ,A X
1937  ,B X
1938  ,A Z
1939  ,B Z
1940  ,A X
1941  ,B X
1942  ,C X
1943  ,B Z
1944  ,A Z
1945  ,B Z
1946  ,A Z
1947  ,C X
1948  ,C X
1949  ,C X
1950  ,C Y
1951  ,B X
1952  ,B Z
1953  ,B Z
1954  ,B Y
1955  ,A Y
1956  ,C Z
1957  ,A X
1958  ,B Y
1959  ,C Y
1960  ,B Z
1961  ,B Z
1962  ,B Z
1963  ,B Z
1964  ,C Y
1965  ,B Y
1966  ,B Z
1967  ,B Z
1968  ,C X
1969  ,A Z
1970  ,B Y
1971  ,A Y
1972  ,B Y
1973  ,C Z
1974  ,B X
1975  ,C Y
1976  ,B Z
1977  ,C Y
1978  ,C X
1979  ,B Y
1980  ,B Z
1981  ,C Z
1982  ,A Z
1983  ,C Y
1984  ,B Z
1985  ,A X
1986  ,C X
1987  ,B Y
1988  ,B Z
1989  ,B X
1990  ,C X
1991  ,B Z
1992  ,C Y
1993  ,C X
1994  ,C Z
1995  ,B Y
1996  ,C X
1997  ,B Y
1998  ,B Y
1999  ,A X
2000  ,C X
2001  ,B Y
2002  ,B X
2003  ,C Z
2004  ,C X
2005  ,B Z
2006  ,B Y
2007  ,C Y
2008  ,B Z
2009  ,C Y
2010  ,C Y
2011  ,C Z
2012  ,B Z
2013  ,C Z
2014  ,A Y
2015  ,B X
2016  ,B Z
2017  ,C X
2018  ,B Z
2019  ,B X
2020  ,B X
2021  ,C Z
2022  ,C Y
2023  ,C Z
2024  ,C X
2025  ,B Y
2026  ,C X
2027  ,A X
2028  ,B Y
2029  ,B Y
2030  ,C Y
2031  ,C X
2032  ,A Z
2033  ,B Z
2034  ,B Z
2035  ,A Y
2036  ,B Z
2037  ,A X
2038  ,C X
2039  ,A Z
2040  ,C X
2041  ,B Y
2042  ,C X
2043  ,C X
2044  ,A Y
2045  ,A Z
2046  ,B Z
2047  ,A X
2048  ,A X
2049  ,B X
2050  ,C X
2051  ,C Z
2052  ,B Y
2053  ,A Y
2054  ,B Y
2055  ,A Z
2056  ,B Z
2057  ,A Y
2058  ,B Z
2059  ,C X
2060  ,B Z
2061  ,C X
2062  ,C X
2063  ,A Y
2064  ,C X
2065  ,C X
2066  ,B Y
2067  ,A Z
2068  ,B Y
2069  ,B Z
2070  ,B Z
2071  ,B Z
2072  ,B Z
2073  ,B Y
2074  ,B Z
2075  ,B Z
2076  ,C X
2077  ,B Z
2078  ,C X
2079  ,C Y
2080  ,C Y
2081  ,B Y
2082  ,C Y
2083  ,C X
2084  ,A Z
2085  ,B Y
2086  ,A Z
2087  ,B Y
2088  ,C X
2089  ,B Y
2090  ,B X
2091  ,B Z
2092  ,B Y
2093  ,B Y
2094  ,B Z
2095  ,C Z
2096  ,B Z
2097  ,B X
2098  ,C X
2099  ,B Z
2100  ,C X
2101  ,C X
2102  ,A X
2103  ,C X
2104  ,B Y
2105  ,B X
2106  ,C Y
2107  ,C Y
2108  ,C Z
2109  ,B Z
2110  ,A Z
2111  ,C X
2112  ,B Z
2113  ,B X
2114  ,A Z
2115  ,C X
2116  ,C Y
2117  ,C X
2118  ,C X
2119  ,A X
2120  ,B Z
2121  ,B Z
2122  ,A Y
2123  ,C X
2124  ,B Y
2125  ,B X
2126  ,A Y
2127  ,B Y
2128  ,C X
2129  ,C Y
2130  ,C X
2131  ,B Y
2132  ,B Z
2133  ,C X
2134  ,B Y
2135  ,C X
2136  ,C X
2137  ,C X
2138  ,C Y
2139  ,B Z
2140  ,B Z
2141  ,A Y
2142  ,B Y
2143  ,A Z
2144  ,B Z
2145  ,C X
2146  ,B X
2147  ,A Y
2148  ,C Y
2149  ,C Z
2150  ,A Z
2151  ,C Y
2152  ,C X
2153  ,B X
2154  ,A Z
2155  ,A Z
2156  ,B Y
2157  ,C X
2158  ,B Z
2159  ,B Z
2160  ,C Y
2161  ,B Z
2162  ,B Z
2163  ,C X
2164  ,B Z
2165  ,C X
2166  ,A Z
2167  ,C Y
2168  ,B X
2169  ,C Y
2170  ,A X
2171  ,B Y
2172  ,B Z
2173  ,A X
2174  ,C Y
2175  ,C X
2176  ,C Y
2177  ,C X
2178  ,B Z
2179  ,C X
2180  ,C X
2181  ,A Y
2182  ,B Z
2183  ,B Y
2184  ,B Z
2185  ,C Y
2186  ,A Z
2187  ,B Z
2188  ,C X
2189  ,B Y
2190  ,C X
2191  ,C X
2192  ,C Y
2193  ,C Z
2194  ,B Z
2195  ,B X
2196  ,C X
2197  ,C X
2198  ,B Y
2199  ,C X
2200  ,C Y
2201  ,A X
2202  ,C Y
2203  ,C X
2204  ,C X
2205  ,A Y
2206  ,B Y
2207  ,B Y
2208  ,A X
2209  ,C Y
2210  ,B Z
2211  ,B Z
2212  ,C Z
2213  ,B Z
2214  ,B X
2215  ,B Y
2216  ,B X
2217  ,B X
2218  ,C X
2219  ,C Y
2220  ,A Z
2221  ,C Z
2222  ,C Y
2223  ,B Z
2224  ,B Y
2225  ,A Y
2226  ,C X
2227  ,B Z
2228  ,A X
2229  ,C Y
2230  ,A Z
2231  ,C X
2232  ,B Y
2233  ,C Y
2234  ,A X
2235  ,A Z
2236  ,A Z
2237  ,B X
2238  ,B Y
2239  ,B Y
2240  ,C X
2241  ,B X
2242  ,B Z
2243  ,B Z
2244  ,B Y
2245  ,B X
2246  ,B X
2247  ,C Y
2248  ,C Y
2249  ,B Y
2250  ,C Y
2251  ,C X
2252  ,B Y
2253  ,B X
2254  ,A Z
2255  ,C Z
2256  ,C X
2257  ,B X
2258  ,B Y
2259  ,C Y
2260  ,C Y
2261  ,A X
2262  ,C X
2263  ,A Z
2264  ,C X
2265  ,A Y
2266  ,B Y
2267  ,C Y
2268  ,A Z
2269  ,B Y
2270  ,B Y
2271  ,A X
2272  ,B Z
2273  ,B Y
2274  ,B X
2275  ,A Y
2276  ,B Z
2277  ,C Z
2278  ,C X
2279  ,A Z
2280  ,C Y
2281  ,A X
2282  ,A Z
2283  ,C X
2284  ,C Y
2285  ,B Z
2286  ,C X
2287  ,B X
2288  ,C Y
2289  ,C X
2290  ,B Z
2291  ,C X
2292  ,C X
2293  ,B Y
2294  ,B Y
2295  ,C X
2296  ,C X
2297  ,B Y
2298  ,C X
2299  ,C Y
2300  ,B Y
2301  ,B X
2302  ,C X
2303  ,B Y
2304  ,C Y
2305  ,A Y
2306  ,B Y
2307  ,B Y
2308  ,B Z
2309  ,B Y
2310  ,B X
2311  ,A Y
2312  ,C Y
2313  ,C X
2314  ,C Z
2315  ,A Z
2316  ,C X
2317  ,A Z
2318  ,C X
2319  ,A Y
2320  ,B Z
2321  ,C Z
2322  ,C Y
2323  ,B Z
2324  ,B Z
2325  ,A Z
2326  ,A X
2327  ,C X
2328  ,C Y
2329  ,C X
2330  ,C Z
2331  ,B Z
2332  ,A X
2333  ,A Y
2334  ,B Z
2335  ,B Z
2336  ,A X
2337  ,C X
2338  ,C Y
2339  ,B X
2340  ,C X
2341  ,C Z
2342  ,A X
2343  ,B Y
2344  ,A X
2345  ,C Z
2346  ,B Z
2347  ,C X
2348  ,C X
2349  ,C X
2350  ,B X
2351  ,C Y
2352  ,B Z
2353  ,A X
2354  ,B Z
2355  ,A X
2356  ,C Y
2357  ,C X
2358  ,A Y
2359  ,C X
2360  ,A Z
2361  ,B Y
2362  ,C X
2363  ,C Y
2364  ,B Z
2365  ,C X
2366  ,B Y
2367  ,B Z
2368  ,B Y
2369  ,B Y
2370  ,C X
2371  ,C X
2372  ,B Y
2373  ,C X
2374  ,C Y
2375  ,C X
2376  ,C Y
2377  ,A Z
2378  ,C X
2379  ,C Y
2380  ,B X
2381  ,A Z
2382  ,B Y
2383  ,C X
2384  ,C X
2385  ,C Z
2386  ,B Z
2387  ,B Z
2388  ,B X
2389  ,C Z
2390  ,B Z
2391  ,B Z
2392  ,C X
2393  ,C X
2394  ,C X
2395  ,B X
2396  ,B Z
2397  ,B Z
2398  ,C X
2399  ,C X
2400  ,C X
2401  ,A X
2402  ,C X
2403  ,C Y
2404  ,A Y
2405  ,B X
2406  ,A X
2407  ,A Z
2408  ,A Y
2409  ,C X
2410  ,B X
2411  ,C Y
2412  ,C X
2413  ,C Y
2414  ,C X
2415  ,A X
2416  ,B Z
2417  ,A X
2418  ,A X
2419  ,B Z
2420  ,C X
2421  ,B Y
2422  ,C X
2423  ,B Y
2424  ,B Z
2425  ,C X
2426  ,C Y
2427  ,C Z
2428  ,C X
2429  ,C X
2430  ,C X
2431  ,C X
2432  ,B Y
2433  ,C Z
2434  ,A Z
2435  ,B Z
2436  ,B Z
2437  ,C X
2438  ,C Z
2439  ,B X
2440  ,B Z
2441  ,A Z
2442  ,B Z
2443  ,C Z
2444  ,C X
2445  ,C Y
2446  ,B X
2447  ,C Y
2448  ,C Y
2449  ,C X
2450  ,B X
2451  ,B X
2452  ,C Y
2453  ,C X
2454  ,B Y
2455  ,C Y
2456  ,C X
2457  ,B Z
2458  ,B Z
2459  ,A Y
2460  ,A Z
2461  ,C X
2462  ,B Z
2463  ,C X
2464  ,A Z
2465  ,B Z
2466  ,C X
2467  ,C X
2468  ,C X
2469  ,B Z
2470  ,C X
2471  ,B Y
2472  ,B Z
2473  ,A X
2474  ,B Y
2475  ,B Z
2476  ,B X
2477  ,C Y
2478  ,A Z
2479  ,B Z
2480  ,C Y
2481  ,C Y
2482  ,C X
2483  ,B Z
2484  ,C X
2485  ,C X
2486  ,C X
2487  ,C Y
2488  ,A Z
2489  ,C Z
2490  ,B X
2491  ,B Y
2492  ,B Y
2493  ,B Z
2494  ,C Y
2495  ,B Z
2496  ,B Z
2497  ,C Y
2498  ,C X
2499  ,B X
2500  ,C Y
